{"g1": [72.09346791875188, -0.2159565424263123], "g2": [-0.2127095796315897, 0.21042399365904968], "R11": [3613.742837828227, 3615.173542315493], "R22": [3617.100313333309, 3615.645283677036], "n": 10000}