{"g1": [-198.12543564939645, -134.65777986665313], "g2": [0.031735648924705456, 0.5980257314369537], "R11": [3125.4472215413884, 3103.941703707858], "R22": [3428.1303857640446, 3424.9136528431936], "n": 10000}