{"g1": [72.41064025355244, -0.0772098626669717], "g2": [0.19550255821637433, 0.6325605542484172], "R11": [3614.320176340212, 3615.5886080096757], "R22": [3617.106405117474, 3615.984861228639], "n": 10000}