{"g1": [72.41064025355244, -0.07720986266697168], "g2": [0.19550255821637447, 0.6325605542484174], "R11": [3614.320176340212, 3615.5886080096743], "R22": [3617.106405117474, 3615.9848612286382], "n": 10000}