{"g1": [68.91114891017658, -6.93725837302786], "g2": [148.62431162616033, 148.63735840710615], "R11": [3404.3051960463476, 3405.2268531400928], "R22": [3047.905242525095, 3046.8159625969943], "n": 10000}