{"g1": [199.20494851155763, 135.88802320618623], "g2": [-0.35541162385197256, -0.07629496126168867], "R11": [3120.6797083833167, 3099.4298707722924], "R22": [3428.4323455530093, 3425.1479850479536], "n": 10000}