{"g1": [7.182830161704996, 0.00519053976180361], "g2": [0.00822493330790258, -0.008635321253543408], "R11": [361.62126453908206, 361.44726297489206], "R22": [361.2986574302945, 361.50678583490503], "n": 1000}