{"g1": [-72.21260515554351, -0.0772069034652792], "g2": [0.19550128434591113, 0.6325624369726155], "R11": [3614.3176041512966, 3615.588601011171], "R22": [3617.1064153570296, 3615.9848593198294], "n": 10000}