{"g1": [6.081673826499863, 12.434219371265012], "g2": [-0.07651261344271762, -0.010165745916773598], "R11": [310.1902241306794, 312.59353189943374], "R22": [342.5528507466038, 342.7866219916268], "n": 1000}