{"g1": [59.85643275018298, 123.48288846667847], "g2": [0.17210755587506563, 0.6077548594904474], "R11": [3106.8716593251493, 3132.5073300480312], "R22": [3427.9795656135916, 3429.0914264318035], "n": 10000}