{"g1": [-72.53109009781217, -0.21595684772276588], "g2": [-0.21270927527245437, 0.21042422388990864], "R11": [3613.7507002591565, 3615.1735372787766], "R22": [3617.1002644945065, 3615.6452825297606], "n": 10000}