{"g1": [198.62360553045656, 135.21693422980476], "g2": [0.1721075687807671, 0.6045334795326127], "R11": [3121.8419562430768, 3101.5562555635306], "R22": [3427.9795474316147, 3424.9778077966175], "n": 10000}