{"g1": [-707.9784511593498, -11.658026684361236], "g2": [-62.04014317497553, -62.167400738264796], "R11": [32725.836864593344, 32734.05039374047], "R22": [32704.39765479544, 32686.2776509327], "n": 100000}