{"g1": [72.41064025355246, -0.07720986266697182], "g2": [0.19550255821637474, 0.632560554248417], "R11": [3614.320176340211, 3615.588608009675], "R22": [3617.106405117474, 3615.9848612286382], "n": 10000}