{"g1": [-59.32609263425677, -122.9564139287845], "g2": [0.031735784818083354, 0.6024494199020094], "R11": [3110.571001137201, 3134.8726920310746], "R22": [3428.1303806368437, 3429.1948856757003], "n": 10000}