{"g1": [72.09346791875188, -0.21595654242631201], "g2": [-0.21270957963158973, 0.21042399365904954], "R11": [3613.7428378282266, 3615.1735423154923], "R22": [3617.100313333309, 3615.645283677035], "n": 10000}