{"g1": [198.62360553045647, 135.2169342298048], "g2": [0.17210756878076716, 0.6045334795326126], "R11": [3121.8419562430768, 3101.55625556353], "R22": [3427.979547431615, 3424.977807796617], "n": 10000}