{"g1": [-72.21260515554349, -0.077206903465279], "g2": [0.19550128434591105, 0.6325624369726156], "R11": [3614.3176041512966, 3615.5886010111703], "R22": [3617.1064153570287, 3615.984859319829], "n": 10000}