{"g1": [-72.53109009781217, -0.21595684772276594], "g2": [-0.2127092752724545, 0.21042422388990847], "R11": [3613.7507002591565, 3615.173537278776], "R22": [3617.100264494507, 3615.6452825297606], "n": 10000}