{"g1": [198.73778477637387, 135.16532683499588], "g2": [-0.00656899929227426, 0.19183570907917302], "R11": [3121.375247851719, 3099.8492973635734], "R22": [3428.1480206974147, 3424.7977356192578], "n": 10000}