{"g1": [72.3434355132914, 0.16847379384440106], "g2": [-0.31354819528291844, 0.0021089738145438418], "R11": [3614.4326878914685, 3615.5079757215485], "R22": [3617.299953137635, 3616.0806569224824], "n": 10000}