{"g1": [751.7678066831422, 58.484244984964604], "g2": [0.03568163773899592, 0.0045419049110647074], "R11": [32690.071730181167, 32688.948490090777], "R22": [32742.72552255265, 32726.714452319426], "n": 100000}