{"g1": [59.97689115885648, 123.50686144198839], "g2": [-0.006568783110855753, 0.19507388781611612], "R11": [3106.3835642491936, 3130.560287248685], "R22": [3428.147975735371, 3428.868201701834], "n": 10000}