{"g1": [-7.278871031277114, 0.005190915113307983], "g2": [0.008224794888180561, -0.008634771065995937], "R11": [361.62255182876567, 361.44726062827385], "R22": [361.2986617091847, 361.5067855696565], "n": 1000}