{"g1": [-72.28144167616549, 0.16847648165831677], "g2": [-0.3135483164019478, 0.002115177014832795], "R11": [3614.43753352743, 3615.507952691657], "R22": [3617.3000011882236, 3616.0806584519446], "n": 10000}