{"g1": [-72.53109009781218, -0.2159568477227661], "g2": [-0.2127092752724545, 0.2104242238899086], "R11": [3613.7507002591565, 3615.173537278777], "R22": [3617.100264494507, 3615.6452825297606], "n": 10000}