{"g1": [19.95406765659853, 13.609506495709898], "g2": [-0.0765126190014016, -0.010091417815232288], "R11": [311.6962091459448, 309.5062889623047], "R22": [342.552842102508, 342.3972407593209], "n": 1000}