{"g1": [-68.99563092245727, 6.563309302596715], "g2": [148.62431050154134, 148.63487468791766], "R11": [3404.2991979050757, 3405.2248042379947], "R22": [3047.9051973495316, 3046.816939031367], "n": 10000}