{"g1": [-72.21260515554351, -0.0772069034652793], "g2": [0.19550128434591157, 0.6325624369726153], "R11": [3614.317604151297, 3615.5886010111694], "R22": [3617.10641535703, 3615.9848593198285], "n": 10000}