{"g1": [72.09346791875186, -0.21595654242631218], "g2": [-0.21270957963158976, 0.21042399365904962], "R11": [3613.7428378282275, 3615.1735423154933], "R22": [3617.100313333308, 3615.645283677036], "n": 10000}