{"g1": [59.85643275018298, 123.48288846667849], "g2": [0.17210755587506574, 0.6077548594904477], "R11": [3106.871659325148, 3132.507330048031], "R22": [3427.979565613592, 3429.091426431803], "n": 10000}