{"g1": [-72.55838193996567, -3.227843112806231], "g2": [-3.148981372768316, -2.8686549464888063], "R11": [3276.434640781524, 3276.9382536882163], "R22": [3266.7367742694146, 3264.3873090839834], "n": 10000}