{"g1": [84.99218235298729, 14.945949454715333], "g2": [-4.47929271865117, -4.501265742514577], "R11": [3279.165789334434, 3277.815932789255], "R22": [3264.4936616938603, 3261.6661512422797], "n": 10000}