{"g1": [60.45722636330671, 124.16064151338858], "g2": [-0.3554115426983788, -0.07673979138233036], "R11": [3105.663411766318, 3130.2839622043834], "R22": [3428.432430939443, 3429.1164863891086], "n": 10000}